customer_id,customer_name,email,city,state,country
1,Rohit Patel,customer1@example.com,Kolkata,West Bengal,India
2,Ananya Gupta,customer2@example.com,Kolkata,West Bengal,India
3,Rohit Das,customer3@example.com,Mangaluru,Karnataka,India
4,Ananya Iyer,customer4@example.com,Jaipur,Rajasthan,India
5,Arjun Gupta,customer5@example.com,Udaipur,Rajasthan,India
6,Vivaan Gupta,customer6@example.com,Faridabad,Haryana,India
7,Kiran Reddy,customer7@example.com,Indore,Madhya Pradesh,India
8,Aarav Joshi,customer8@example.com,Noida,Uttar Pradesh,India
9,Priya Nair,customer9@example.com,Guntur,Andhra Pradesh,India
10,Praveen Joshi,customer10@example.com,Faridabad,Haryana,India
11,Kavya Naidu,customer11@example.com,Bhubaneswar,Odisha,India
12,Neha Joshi,customer12@example.com,Ahmedabad,Gujarat,India
13,Aditya Singh,customer13@example.com,Mangaluru,Karnataka,India
14,Sanjay Rao,customer14@example.com,Hyderabad,Telangana,India
15,Pooja Reddy,customer15@example.com,Lucknow,Uttar Pradesh,India
16,Vivaan Patel,customer16@example.com,Gurugram,Haryana,India
17,Rohit Joshi,customer17@example.com,Durgapur,West Bengal,India
18,Kavya Kumar,customer18@example.com,Bhubaneswar,Odisha,India
19,Arjun Reddy,customer19@example.com,Jodhpur,Rajasthan,India
20,Kiran Verma,customer20@example.com,Noida,Uttar Pradesh,India
21,Isha Das,customer21@example.com,Faridabad,Haryana,India
22,Praveen Naidu,customer22@example.com,Coimbatore,Tamil Nadu,India
23,Divya Chowdhury,customer23@example.com,Jodhpur,Rajasthan,India
24,Vikram Singh,customer24@example.com,Bhopal,Madhya Pradesh,India
25,Isha Chowdhury,customer25@example.com,Thiruvananthapuram,Kerala,India
26,Sneha Nair,customer26@example.com,Kolkata,West Bengal,India
27,Sneha Sharma,customer27@example.com,New Delhi,Delhi,India
28,Rohit Nair,customer28@example.com,Jaipur,Rajasthan,India
29,Priya Gupta,customer29@example.com,Udaipur,Rajasthan,India
30,Ananya Kumar,customer30@example.com,Tirupati,Andhra Pradesh,India
31,Aditya Kumar,customer31@example.com,Guntur,Andhra Pradesh,India
32,Rahul Das,customer32@example.com,Surat,Gujarat,India
33,Sanjay Joshi,customer33@example.com,Ahmedabad,Gujarat,India
34,Vikram Joshi,customer34@example.com,Hyderabad,Telangana,India
35,Divya Rao,customer35@example.com,Surat,Gujarat,India
36,Rahul Kumar,customer36@example.com,Faridabad,Haryana,India
37,Aditya Sharma,customer37@example.com,Bengaluru,Karnataka,India
38,Kavya Naidu,customer38@example.com,Bengaluru,Karnataka,India
39,Rahul Das,customer39@example.com,Vadodara,Gujarat,India
40,Pooja Rao,customer40@example.com,Amritsar,Punjab,India
41,Kavya Chowdhury,customer41@example.com,Noida,Uttar Pradesh,India
42,Sneha Kumar,customer42@example.com,Gaya,Bihar,India
43,Rohit Sharma,customer43@example.com,Chennai,Tamil Nadu,India
44,Arjun Naidu,customer44@example.com,Kozhikode,Kerala,India
45,Rohit Mishra,customer45@example.com,Patna,Bihar,India
46,Arjun Mishra,customer46@example.com,Bhopal,Madhya Pradesh,India
47,Neha Verma,customer47@example.com,Faridabad,Haryana,India
48,Praveen Mishra,customer48@example.com,Bhubaneswar,Odisha,India
49,Kiran Joshi,customer49@example.com,Faridabad,Haryana,India
50,Priya Patel,customer50@example.com,Cuttack,Odisha,India
51,Ananya Das,customer51@example.com,Ahmedabad,Gujarat,India
52,Rohit Naidu,customer52@example.com,Vijayawada,Andhra Pradesh,India
53,Anjali Mishra,customer53@example.com,New Delhi,Delhi,India
54,Aditya Rao,customer54@example.com,Nagpur,Maharashtra,India
55,Sanjay Naidu,customer55@example.com,Kochi,Kerala,India
56,Neha Das,customer56@example.com,Faridabad,Haryana,India
57,Kavya Iyer,customer57@example.com,Mumbai,Maharashtra,India
58,Anjali Sharma,customer58@example.com,Bhubaneswar,Odisha,India
59,Anjali Joshi,customer59@example.com,Bhubaneswar,Odisha,India
60,Vivaan Kumar,customer60@example.com,Vijayawada,Andhra Pradesh,India
61,Meera Gupta,customer61@example.com,Guntur,Andhra Pradesh,India
62,Meera Reddy,customer62@example.com,Warangal,Telangana,India
63,Rahul Sharma,customer63@example.com,Guntur,Andhra Pradesh,India
64,Vivaan Singh,customer64@example.com,Faridabad,Haryana,India
65,Kiran Rao,customer65@example.com,Madurai,Tamil Nadu,India
66,Ananya Gupta,customer66@example.com,Amritsar,Punjab,India
67,Kiran Gupta,customer67@example.com,Thiruvananthapuram,Kerala,India
68,Kiran Verma,customer68@example.com,Amritsar,Punjab,India
69,Divya Sharma,customer69@example.com,New Delhi,Delhi,India
70,Kiran Mishra,customer70@example.com,Mangaluru,Karnataka,India
71,Arjun Kumar,customer71@example.com,Kanpur,Uttar Pradesh,India
72,Neha Patel,customer72@example.com,Bhopal,Madhya Pradesh,India
73,Anjali Nair,customer73@example.com,Tirupati,Andhra Pradesh,India
74,Rohit Reddy,customer74@example.com,Jaipur,Rajasthan,India
75,Ananya Joshi,customer75@example.com,New Delhi,Delhi,India
76,Isha Rao,customer76@example.com,Gaya,Bihar,India
77,Praveen Kumar,customer77@example.com,Surat,Gujarat,India
78,Divya Nair,customer78@example.com,Chennai,Tamil Nadu,India
79,Vivaan Sharma,customer79@example.com,Indore,Madhya Pradesh,India
80,Priya Singh,customer80@example.com,Kozhikode,Kerala,India
81,Sanjay Nair,customer81@example.com,Mangaluru,Karnataka,India
82,Divya Kumar,customer82@example.com,Coimbatore,Tamil Nadu,India
83,Aarav Gupta,customer83@example.com,Madurai,Tamil Nadu,India
84,Meera Gupta,customer84@example.com,Coimbatore,Tamil Nadu,India
85,Vikram Patel,customer85@example.com,Bhubaneswar,Odisha,India
86,Divya Naidu,customer86@example.com,New Delhi,Delhi,India
87,Aditya Nair,customer87@example.com,Durgapur,West Bengal,India
88,Pooja Reddy,customer88@example.com,Warangal,Telangana,India
89,Aditya Mishra,customer89@example.com,New Delhi,Delhi,India
90,Arjun Sharma,customer90@example.com,Chennai,Tamil Nadu,India
91,Pooja Singh,customer91@example.com,Indore,Madhya Pradesh,India
92,Vikram Rao,customer92@example.com,Bengaluru,Karnataka,India
93,Aarav Joshi,customer93@example.com,Amritsar,Punjab,India
94,Pooja Naidu,customer94@example.com,Pune,Maharashtra,India
95,Sneha Kumar,customer95@example.com,Nagpur,Maharashtra,India
96,Vivaan Singh,customer96@example.com,Bhubaneswar,Odisha,India
97,Kavya Sharma,customer97@example.com,Kochi,Kerala,India
98,Divya Kumar,customer98@example.com,Madurai,Tamil Nadu,India
99,Meera Sharma,customer99@example.com,Faridabad,Haryana,India
100,Pooja Singh,customer100@example.com,Nagpur,Maharashtra,India
101,Sanjay Singh,customer101@example.com,Jaipur,Rajasthan,India
102,Meera Naidu,customer102@example.com,Kozhikode,Kerala,India
103,Aditya Joshi,customer103@example.com,Tirupati,Andhra Pradesh,India
104,Aarav Kumar,customer104@example.com,Indore,Madhya Pradesh,India
105,Praveen Chowdhury,customer105@example.com,Pune,Maharashtra,India
106,Aditya Gupta,customer106@example.com,Cuttack,Odisha,India
107,Isha Chowdhury,customer107@example.com,Nagpur,Maharashtra,India
108,Vivaan Chowdhury,customer108@example.com,Ludhiana,Punjab,India
109,Vivaan Das,customer109@example.com,Tirupati,Andhra Pradesh,India
110,Aarav Nair,customer110@example.com,Ludhiana,Punjab,India
111,Divya Rao,customer111@example.com,Durgapur,West Bengal,India
112,Aditya Reddy,customer112@example.com,New Delhi,Delhi,India
113,Sneha Joshi,customer113@example.com,Kanpur,Uttar Pradesh,India
114,Arjun Mishra,customer114@example.com,Chennai,Tamil Nadu,India
115,Vikram Naidu,customer115@example.com,Indore,Madhya Pradesh,India
116,Priya Kumar,customer116@example.com,Vadodara,Gujarat,India
117,Vivaan Reddy,customer117@example.com,Bhopal,Madhya Pradesh,India
118,Neha Nair,customer118@example.com,Kanpur,Uttar Pradesh,India
119,Meera Patel,customer119@example.com,Noida,Uttar Pradesh,India
120,Kavya Verma,customer120@example.com,Ludhiana,Punjab,India
121,Rahul Sharma,customer121@example.com,Jaipur,Rajasthan,India
122,Priya Joshi,customer122@example.com,Kozhikode,Kerala,India
123,Arjun Verma,customer123@example.com,Durgapur,West Bengal,India
124,Anjali Naidu,customer124@example.com,Patna,Bihar,India
125,Vikram Patel,customer125@example.com,Bhopal,Madhya Pradesh,India
126,Isha Joshi,customer126@example.com,Noida,Uttar Pradesh,India
127,Neha Sharma,customer127@example.com,Udaipur,Rajasthan,India
128,Neha Joshi,customer128@example.com,Kanpur,Uttar Pradesh,India
129,Rahul Das,customer129@example.com,Thiruvananthapuram,Kerala,India
130,Sanjay Joshi,customer130@example.com,Kochi,Kerala,India
131,Aarav Chowdhury,customer131@example.com,Warangal,Telangana,India
132,Divya Nair,customer132@example.com,Jaipur,Rajasthan,India
133,Aarav Mishra,customer133@example.com,Vadodara,Gujarat,India
134,Rahul Verma,customer134@example.com,Kolkata,West Bengal,India
135,Aditya Joshi,customer135@example.com,Kanpur,Uttar Pradesh,India
136,Rahul Verma,customer136@example.com,New Delhi,Delhi,India
137,Pooja Joshi,customer137@example.com,Kozhikode,Kerala,India
138,Meera Naidu,customer138@example.com,Cuttack,Odisha,India
139,Anjali Singh,customer139@example.com,Faridabad,Haryana,India
140,Divya Singh,customer140@example.com,Ahmedabad,Gujarat,India
141,Rahul Rao,customer141@example.com,Noida,Uttar Pradesh,India
142,Rahul Patel,customer142@example.com,Nizamabad,Telangana,India
143,Praveen Das,customer143@example.com,Mysuru,Karnataka,India
144,Aarav Gupta,customer144@example.com,Kochi,Kerala,India
145,Arjun Gupta,customer145@example.com,Bhopal,Madhya Pradesh,India
146,Vivaan Sharma,customer146@example.com,Faridabad,Haryana,India
147,Anjali Gupta,customer147@example.com,Faridabad,Haryana,India
148,Aditya Joshi,customer148@example.com,Vijayawada,Andhra Pradesh,India
149,Neha Iyer,customer149@example.com,Kozhikode,Kerala,India
150,Aarav Sharma,customer150@example.com,Jodhpur,Rajasthan,India
151,Ananya Joshi,customer151@example.com,Kolkata,West Bengal,India
152,Priya Chowdhury,customer152@example.com,Cuttack,Odisha,India
153,Neha Reddy,customer153@example.com,Mangaluru,Karnataka,India
154,Meera Das,customer154@example.com,Jaipur,Rajasthan,India
155,Praveen Das,customer155@example.com,Cuttack,Odisha,India
156,Neha Nair,customer156@example.com,Surat,Gujarat,India
157,Isha Mishra,customer157@example.com,Amritsar,Punjab,India
158,Arjun Nair,customer158@example.com,Kochi,Kerala,India
159,Arjun Das,customer159@example.com,Kochi,Kerala,India
160,Aditya Sharma,customer160@example.com,Mysuru,Karnataka,India
161,Meera Rao,customer161@example.com,Indore,Madhya Pradesh,India
162,Rahul Joshi,customer162@example.com,Guntur,Andhra Pradesh,India
163,Sneha Rao,customer163@example.com,New Delhi,Delhi,India
164,Aditya Nair,customer164@example.com,Bhubaneswar,Odisha,India
165,Meera Naidu,customer165@example.com,Chennai,Tamil Nadu,India
166,Sneha Iyer,customer166@example.com,Bengaluru,Karnataka,India
167,Arjun Joshi,customer167@example.com,Kolkata,West Bengal,India
168,Neha Joshi,customer168@example.com,New Delhi,Delhi,India
169,Rohit Joshi,customer169@example.com,Bhubaneswar,Odisha,India
170,Anjali Kumar,customer170@example.com,Kanpur,Uttar Pradesh,India
171,Divya Singh,customer171@example.com,Kozhikode,Kerala,India
172,Priya Nair,customer172@example.com,Madurai,Tamil Nadu,India
173,Arjun Singh,customer173@example.com,Ahmedabad,Gujarat,India
174,Rohit Mishra,customer174@example.com,Thiruvananthapuram,Kerala,India
175,Rohit Naidu,customer175@example.com,Gaya,Bihar,India
176,Rahul Kumar,customer176@example.com,Ahmedabad,Gujarat,India
177,Ananya Iyer,customer177@example.com,Nizamabad,Telangana,India
178,Priya Nair,customer178@example.com,Noida,Uttar Pradesh,India
179,Priya Sharma,customer179@example.com,Durgapur,West Bengal,India
180,Rohit Naidu,customer180@example.com,Durgapur,West Bengal,India
181,Praveen Nair,customer181@example.com,Nizamabad,Telangana,India
182,Vivaan Singh,customer182@example.com,Kolkata,West Bengal,India
183,Kiran Kumar,customer183@example.com,Jaipur,Rajasthan,India
184,Aarav Verma,customer184@example.com,Chennai,Tamil Nadu,India
185,Rohit Nair,customer185@example.com,Durgapur,West Bengal,India
186,Arjun Verma,customer186@example.com,Gurugram,Haryana,India
187,Neha Mishra,customer187@example.com,Faridabad,Haryana,India
188,Rohit Iyer,customer188@example.com,Noida,Uttar Pradesh,India
189,Neha Rao,customer189@example.com,Bhubaneswar,Odisha,India
190,Sneha Mishra,customer190@example.com,Warangal,Telangana,India
191,Anjali Joshi,customer191@example.com,Jaipur,Rajasthan,India
192,Sanjay Rao,customer192@example.com,Guntur,Andhra Pradesh,India
193,Sneha Joshi,customer193@example.com,Bhubaneswar,Odisha,India
194,Meera Nair,customer194@example.com,Jaipur,Rajasthan,India
195,Kiran Singh,customer195@example.com,Pune,Maharashtra,India
196,Priya Mishra,customer196@example.com,Bhopal,Madhya Pradesh,India
197,Kavya Singh,customer197@example.com,Indore,Madhya Pradesh,India
198,Ananya Joshi,customer198@example.com,Kozhikode,Kerala,India
199,Neha Patel,customer199@example.com,New Delhi,Delhi,India
200,Isha Chowdhury,customer200@example.com,New Delhi,Delhi,India
201,Meera Naidu,customer201@example.com,Patna,Bihar,India
202,Aarav Singh,customer202@example.com,Pune,Maharashtra,India
203,Aditya Rao,customer203@example.com,New Delhi,Delhi,India
204,Ananya Joshi,customer204@example.com,Noida,Uttar Pradesh,India
205,Priya Gupta,customer205@example.com,Gurugram,Haryana,India
206,Vikram Das,customer206@example.com,Faridabad,Haryana,India
207,Vikram Das,customer207@example.com,Faridabad,Haryana,India
208,Rahul Nair,customer208@example.com,Madurai,Tamil Nadu,India
209,Meera Nair,customer209@example.com,Vijayawada,Andhra Pradesh,India
210,Anjali Mishra,customer210@example.com,Faridabad,Haryana,India
211,Sneha Naidu,customer211@example.com,Bengaluru,Karnataka,India
212,Kiran Reddy,customer212@example.com,Bengaluru,Karnataka,India
213,Kavya Nair,customer213@example.com,Warangal,Telangana,India
214,Isha Iyer,customer214@example.com,Kolkata,West Bengal,India
215,Aarav Verma,customer215@example.com,Visakhapatnam,Andhra Pradesh,India
216,Kavya Sharma,customer216@example.com,Amritsar,Punjab,India
217,Meera Mishra,customer217@example.com,Visakhapatnam,Andhra Pradesh,India
218,Sanjay Kumar,customer218@example.com,Patna,Bihar,India
219,Divya Rao,customer219@example.com,Mumbai,Maharashtra,India
220,Rahul Chowdhury,customer220@example.com,Thiruvananthapuram,Kerala,India
221,Aditya Singh,customer221@example.com,Ahmedabad,Gujarat,India
222,Rahul Das,customer222@example.com,Kanpur,Uttar Pradesh,India
223,Meera Singh,customer223@example.com,Bhubaneswar,Odisha,India
224,Pooja Sharma,customer224@example.com,Bengaluru,Karnataka,India
225,Sneha Patel,customer225@example.com,Bhubaneswar,Odisha,India
226,Meera Gupta,customer226@example.com,Indore,Madhya Pradesh,India
227,Vikram Rao,customer227@example.com,Noida,Uttar Pradesh,India
228,Vivaan Verma,customer228@example.com,Nagpur,Maharashtra,India
229,Isha Joshi,customer229@example.com,Visakhapatnam,Andhra Pradesh,India
230,Priya Singh,customer230@example.com,Cuttack,Odisha,India
231,Meera Chowdhury,customer231@example.com,Patna,Bihar,India
232,Kavya Singh,customer232@example.com,Thiruvananthapuram,Kerala,India
233,Vivaan Iyer,customer233@example.com,Mangaluru,Karnataka,India
234,Kiran Joshi,customer234@example.com,Warangal,Telangana,India
235,Isha Reddy,customer235@example.com,Warangal,Telangana,India
236,Kavya Iyer,customer236@example.com,Mangaluru,Karnataka,India
237,Vivaan Patel,customer237@example.com,New Delhi,Delhi,India
238,Kiran Sharma,customer238@example.com,Udaipur,Rajasthan,India
239,Praveen Kumar,customer239@example.com,Vijayawada,Andhra Pradesh,India
240,Arjun Das,customer240@example.com,Jaipur,Rajasthan,India
241,Praveen Sharma,customer241@example.com,Faridabad,Haryana,India
242,Rahul Reddy,customer242@example.com,Mumbai,Maharashtra,India
243,Vivaan Mishra,customer243@example.com,Bhubaneswar,Odisha,India
244,Ananya Iyer,customer244@example.com,Mangaluru,Karnataka,India
245,Divya Chowdhury,customer245@example.com,Ludhiana,Punjab,India
246,Divya Gupta,customer246@example.com,Chennai,Tamil Nadu,India
247,Aditya Kumar,customer247@example.com,Amritsar,Punjab,India
248,Isha Mishra,customer248@example.com,Kanpur,Uttar Pradesh,India
249,Neha Singh,customer249@example.com,Thiruvananthapuram,Kerala,India
250,Praveen Mishra,customer250@example.com,Mumbai,Maharashtra,India
251,Kiran Sharma,customer251@example.com,Kochi,Kerala,India
252,Priya Das,customer252@example.com,Cuttack,Odisha,India
253,Meera Naidu,customer253@example.com,Lucknow,Uttar Pradesh,India
254,Sanjay Das,customer254@example.com,New Delhi,Delhi,India
255,Kavya Nair,customer255@example.com,Nagpur,Maharashtra,India
256,Ananya Chowdhury,customer256@example.com,Bhopal,Madhya Pradesh,India
257,Meera Das,customer257@example.com,Chennai,Tamil Nadu,India
258,Vikram Sharma,customer258@example.com,Bengaluru,Karnataka,India
259,Anjali Chowdhury,customer259@example.com,Patna,Bihar,India
260,Pooja Das,customer260@example.com,Gurugram,Haryana,India
261,Pooja Gupta,customer261@example.com,Hyderabad,Telangana,India
262,Pooja Iyer,customer262@example.com,Udaipur,Rajasthan,India
263,Rohit Kumar,customer263@example.com,Patna,Bihar,India
264,Pooja Iyer,customer264@example.com,Gaya,Bihar,India
265,Sneha Reddy,customer265@example.com,Noida,Uttar Pradesh,India
266,Aditya Kumar,customer266@example.com,Gaya,Bihar,India
267,Rahul Joshi,customer267@example.com,Kanpur,Uttar Pradesh,India
268,Meera Rao,customer268@example.com,Pune,Maharashtra,India
269,Priya Nair,customer269@example.com,Vijayawada,Andhra Pradesh,India
270,Anjali Nair,customer270@example.com,Coimbatore,Tamil Nadu,India
271,Aditya Nair,customer271@example.com,Durgapur,West Bengal,India
272,Kavya Patel,customer272@example.com,Gaya,Bihar,India
273,Vivaan Chowdhury,customer273@example.com,Jaipur,Rajasthan,India
274,Priya Kumar,customer274@example.com,Lucknow,Uttar Pradesh,India
275,Rahul Verma,customer275@example.com,Coimbatore,Tamil Nadu,India
276,Vivaan Iyer,customer276@example.com,Udaipur,Rajasthan,India
277,Sneha Verma,customer277@example.com,Kochi,Kerala,India
278,Aarav Singh,customer278@example.com,Mumbai,Maharashtra,India
279,Kiran Verma,customer279@example.com,Surat,Gujarat,India
280,Ananya Naidu,customer280@example.com,Cuttack,Odisha,India
281,Sanjay Rao,customer281@example.com,Mangaluru,Karnataka,India
282,Vikram Singh,customer282@example.com,Madurai,Tamil Nadu,India
283,Kiran Reddy,customer283@example.com,Madurai,Tamil Nadu,India
284,Arjun Chowdhury,customer284@example.com,Pune,Maharashtra,India
285,Meera Naidu,customer285@example.com,Jodhpur,Rajasthan,India
286,Neha Naidu,customer286@example.com,New Delhi,Delhi,India
287,Vivaan Chowdhury,customer287@example.com,Ludhiana,Punjab,India
288,Neha Mishra,customer288@example.com,Gurugram,Haryana,India
289,Kiran Das,customer289@example.com,Nagpur,Maharashtra,India
290,Anjali Sharma,customer290@example.com,Chennai,Tamil Nadu,India
291,Priya Chowdhury,customer291@example.com,Visakhapatnam,Andhra Pradesh,India
292,Pooja Verma,customer292@example.com,Thiruvananthapuram,Kerala,India
293,Ananya Chowdhury,customer293@example.com,Chennai,Tamil Nadu,India
294,Ananya Kumar,customer294@example.com,Visakhapatnam,Andhra Pradesh,India
295,Isha Gupta,customer295@example.com,Lucknow,Uttar Pradesh,India
296,Praveen Joshi,customer296@example.com,Hyderabad,Telangana,India
297,Vikram Reddy,customer297@example.com,Chennai,Tamil Nadu,India
298,Rahul Nair,customer298@example.com,Vijayawada,Andhra Pradesh,India
299,Ananya Chowdhury,customer299@example.com,Jodhpur,Rajasthan,India
300,Aditya Naidu,customer300@example.com,Patna,Bihar,India
301,Rahul Naidu,customer301@example.com,Faridabad,Haryana,India
302,Isha Naidu,customer302@example.com,Kozhikode,Kerala,India
303,Sanjay Reddy,customer303@example.com,Gurugram,Haryana,India
304,Aditya Sharma,customer304@example.com,Jodhpur,Rajasthan,India
305,Vikram Iyer,customer305@example.com,New Delhi,Delhi,India
306,Rahul Naidu,customer306@example.com,Faridabad,Haryana,India
307,Aditya Singh,customer307@example.com,Kochi,Kerala,India
308,Neha Iyer,customer308@example.com,Cuttack,Odisha,India
309,Arjun Nair,customer309@example.com,Durgapur,West Bengal,India
310,Isha Gupta,customer310@example.com,Udaipur,Rajasthan,India
311,Vikram Naidu,customer311@example.com,Bhopal,Madhya Pradesh,India
312,Kiran Sharma,customer312@example.com,Vadodara,Gujarat,India
313,Kavya Sharma,customer313@example.com,New Delhi,Delhi,India
314,Meera Sharma,customer314@example.com,Patna,Bihar,India
315,Vivaan Naidu,customer315@example.com,Kozhikode,Kerala,India
316,Rohit Kumar,customer316@example.com,Pune,Maharashtra,India
317,Aditya Rao,customer317@example.com,Mysuru,Karnataka,India
318,Anjali Chowdhury,customer318@example.com,Patna,Bihar,India
319,Aarav Patel,customer319@example.com,Bhubaneswar,Odisha,India
320,Arjun Mishra,customer320@example.com,Mumbai,Maharashtra,India
321,Aarav Mishra,customer321@example.com,Kozhikode,Kerala,India
322,Aarav Naidu,customer322@example.com,Coimbatore,Tamil Nadu,India
323,Vivaan Das,customer323@example.com,Kozhikode,Kerala,India
324,Praveen Sharma,customer324@example.com,Pune,Maharashtra,India
325,Sneha Chowdhury,customer325@example.com,Gaya,Bihar,India
326,Sneha Gupta,customer326@example.com,Madurai,Tamil Nadu,India
327,Vikram Singh,customer327@example.com,Kolkata,West Bengal,India
328,Arjun Joshi,customer328@example.com,Durgapur,West Bengal,India
329,Neha Kumar,customer329@example.com,Coimbatore,Tamil Nadu,India
330,Ananya Iyer,customer330@example.com,Kozhikode,Kerala,India
331,Praveen Gupta,customer331@example.com,Pune,Maharashtra,India
332,Vikram Rao,customer332@example.com,Gaya,Bihar,India
333,Pooja Iyer,customer333@example.com,Faridabad,Haryana,India
334,Sneha Gupta,customer334@example.com,Cuttack,Odisha,India
335,Aarav Chowdhury,customer335@example.com,Udaipur,Rajasthan,India
336,Priya Joshi,customer336@example.com,Chennai,Tamil Nadu,India
337,Rahul Gupta,customer337@example.com,Gaya,Bihar,India
338,Meera Joshi,customer338@example.com,Gaya,Bihar,India
339,Sanjay Verma,customer339@example.com,Bengaluru,Karnataka,India
340,Pooja Gupta,customer340@example.com,New Delhi,Delhi,India
341,Ananya Rao,customer341@example.com,Visakhapatnam,Andhra Pradesh,India
342,Rahul Singh,customer342@example.com,Noida,Uttar Pradesh,India
343,Arjun Verma,customer343@example.com,Ahmedabad,Gujarat,India
344,Aarav Chowdhury,customer344@example.com,Nagpur,Maharashtra,India
345,Neha Gupta,customer345@example.com,Patna,Bihar,India
346,Kavya Nair,customer346@example.com,Kochi,Kerala,India
347,Praveen Patel,customer347@example.com,New Delhi,Delhi,India
348,Sanjay Kumar,customer348@example.com,Gaya,Bihar,India
349,Ananya Verma,customer349@example.com,Nizamabad,Telangana,India
350,Isha Iyer,customer350@example.com,Nizamabad,Telangana,India
351,Meera Iyer,customer351@example.com,Ludhiana,Punjab,India
352,Neha Verma,customer352@example.com,Jaipur,Rajasthan,India
353,Rohit Patel,customer353@example.com,Mumbai,Maharashtra,India
354,Aarav Sharma,customer354@example.com,Kolkata,West Bengal,India
355,Ananya Verma,customer355@example.com,Noida,Uttar Pradesh,India
356,Meera Rao,customer356@example.com,Tirupati,Andhra Pradesh,India
357,Sanjay Sharma,customer357@example.com,Coimbatore,Tamil Nadu,India
358,Vikram Sharma,customer358@example.com,Ahmedabad,Gujarat,India
359,Sneha Naidu,customer359@example.com,Vadodara,Gujarat,India
360,Neha Naidu,customer360@example.com,Indore,Madhya Pradesh,India
361,Meera Mishra,customer361@example.com,Durgapur,West Bengal,India
362,Divya Gupta,customer362@example.com,Mysuru,Karnataka,India
363,Aarav Naidu,customer363@example.com,Mangaluru,Karnataka,India
364,Isha Reddy,customer364@example.com,Mumbai,Maharashtra,India
365,Isha Naidu,customer365@example.com,Nagpur,Maharashtra,India
366,Arjun Sharma,customer366@example.com,Jaipur,Rajasthan,India
367,Rohit Kumar,customer367@example.com,Indore,Madhya Pradesh,India
368,Praveen Kumar,customer368@example.com,Cuttack,Odisha,India
369,Aarav Rao,customer369@example.com,Surat,Gujarat,India
370,Rohit Mishra,customer370@example.com,Jaipur,Rajasthan,India
371,Aditya Gupta,customer371@example.com,Vadodara,Gujarat,India
372,Vikram Verma,customer372@example.com,New Delhi,Delhi,India
373,Kavya Singh,customer373@example.com,Mangaluru,Karnataka,India
374,Aarav Joshi,customer374@example.com,Gaya,Bihar,India
375,Vivaan Kumar,customer375@example.com,Indore,Madhya Pradesh,India
376,Pooja Gupta,customer376@example.com,Bhubaneswar,Odisha,India
377,Divya Patel,customer377@example.com,Chennai,Tamil Nadu,India
378,Pooja Chowdhury,customer378@example.com,Surat,Gujarat,India
379,Rohit Das,customer379@example.com,Ahmedabad,Gujarat,India
380,Neha Mishra,customer380@example.com,Bengaluru,Karnataka,India
381,Isha Reddy,customer381@example.com,Guntur,Andhra Pradesh,India
382,Rahul Patel,customer382@example.com,Ludhiana,Punjab,India
383,Vivaan Kumar,customer383@example.com,Vadodara,Gujarat,India
384,Priya Patel,customer384@example.com,Kochi,Kerala,India
385,Kiran Naidu,customer385@example.com,New Delhi,Delhi,India
386,Vivaan Singh,customer386@example.com,Gurugram,Haryana,India
387,Anjali Das,customer387@example.com,Mumbai,Maharashtra,India
388,Praveen Naidu,customer388@example.com,Udaipur,Rajasthan,India
389,Pooja Rao,customer389@example.com,Indore,Madhya Pradesh,India
390,Meera Reddy,customer390@example.com,Bengaluru,Karnataka,India
391,Pooja Nair,customer391@example.com,Jodhpur,Rajasthan,India
392,Sneha Nair,customer392@example.com,Ahmedabad,Gujarat,India
393,Ananya Naidu,customer393@example.com,Coimbatore,Tamil Nadu,India
394,Sneha Reddy,customer394@example.com,Ahmedabad,Gujarat,India
395,Ananya Verma,customer395@example.com,Hyderabad,Telangana,India
396,Praveen Patel,customer396@example.com,New Delhi,Delhi,India
397,Kiran Reddy,customer397@example.com,Vijayawada,Andhra Pradesh,India
398,Kiran Das,customer398@example.com,Gurugram,Haryana,India
399,Praveen Verma,customer399@example.com,Kozhikode,Kerala,India
400,Kiran Iyer,customer400@example.com,Jodhpur,Rajasthan,India
401,Priya Mishra,customer401@example.com,New Delhi,Delhi,India
402,Rohit Das,customer402@example.com,Kolkata,West Bengal,India
403,Pooja Reddy,customer403@example.com,Faridabad,Haryana,India
404,Ananya Sharma,customer404@example.com,Bengaluru,Karnataka,India
405,Arjun Kumar,customer405@example.com,Lucknow,Uttar Pradesh,India
406,Ananya Gupta,customer406@example.com,Ludhiana,Punjab,India
407,Arjun Sharma,customer407@example.com,Amritsar,Punjab,India
408,Vikram Kumar,customer408@example.com,Pune,Maharashtra,India
409,Kavya Gupta,customer409@example.com,Pune,Maharashtra,India
410,Rahul Gupta,customer410@example.com,Visakhapatnam,Andhra Pradesh,India
411,Arjun Chowdhury,customer411@example.com,Madurai,Tamil Nadu,India
412,Aditya Patel,customer412@example.com,Amritsar,Punjab,India
413,Sneha Iyer,customer413@example.com,Hyderabad,Telangana,India
414,Vivaan Singh,customer414@example.com,New Delhi,Delhi,India
415,Sanjay Gupta,customer415@example.com,Vijayawada,Andhra Pradesh,India
416,Ananya Gupta,customer416@example.com,Lucknow,Uttar Pradesh,India
417,Rohit Kumar,customer417@example.com,Mysuru,Karnataka,India
418,Rahul Joshi,customer418@example.com,Gurugram,Haryana,India
419,Kiran Reddy,customer419@example.com,Gurugram,Haryana,India
420,Rahul Joshi,customer420@example.com,Amritsar,Punjab,India
421,Meera Mishra,customer421@example.com,Visakhapatnam,Andhra Pradesh,India
422,Meera Chowdhury,customer422@example.com,Faridabad,Haryana,India
423,Divya Gupta,customer423@example.com,Mangaluru,Karnataka,India
424,Meera Rao,customer424@example.com,Thiruvananthapuram,Kerala,India
425,Divya Verma,customer425@example.com,Jaipur,Rajasthan,India
426,Isha Nair,customer426@example.com,Gurugram,Haryana,India
427,Sanjay Mishra,customer427@example.com,Kanpur,Uttar Pradesh,India
428,Praveen Rao,customer428@example.com,Guntur,Andhra Pradesh,India
429,Rohit Naidu,customer429@example.com,Patna,Bihar,India
430,Rohit Nair,customer430@example.com,Mysuru,Karnataka,India
431,Isha Chowdhury,customer431@example.com,Cuttack,Odisha,India
432,Rohit Kumar,customer432@example.com,Nizamabad,Telangana,India
433,Praveen Rao,customer433@example.com,Visakhapatnam,Andhra Pradesh,India
434,Aditya Joshi,customer434@example.com,Gurugram,Haryana,India
435,Vivaan Kumar,customer435@example.com,Kozhikode,Kerala,India
436,Vikram Das,customer436@example.com,Vadodara,Gujarat,India
437,Priya Rao,customer437@example.com,Gaya,Bihar,India
438,Meera Patel,customer438@example.com,Durgapur,West Bengal,India
439,Sneha Reddy,customer439@example.com,Tirupati,Andhra Pradesh,India
440,Sneha Das,customer440@example.com,Faridabad,Haryana,India
441,Vivaan Rao,customer441@example.com,Mysuru,Karnataka,India
442,Vivaan Naidu,customer442@example.com,Amritsar,Punjab,India
443,Sneha Mishra,customer443@example.com,Nizamabad,Telangana,India
444,Rohit Naidu,customer444@example.com,Chennai,Tamil Nadu,India
445,Meera Mishra,customer445@example.com,Bhubaneswar,Odisha,India
446,Priya Nair,customer446@example.com,Indore,Madhya Pradesh,India
447,Priya Chowdhury,customer447@example.com,New Delhi,Delhi,India
448,Praveen Naidu,customer448@example.com,New Delhi,Delhi,India
449,Rohit Patel,customer449@example.com,Kochi,Kerala,India
450,Meera Kumar,customer450@example.com,Durgapur,West Bengal,India
451,Isha Patel,customer451@example.com,Warangal,Telangana,India
452,Rahul Nair,customer452@example.com,Bhopal,Madhya Pradesh,India
453,Pooja Chowdhury,customer453@example.com,New Delhi,Delhi,India
454,Kavya Sharma,customer454@example.com,New Delhi,Delhi,India
455,Arjun Joshi,customer455@example.com,Ludhiana,Punjab,India
456,Rahul Mishra,customer456@example.com,Kozhikode,Kerala,India
457,Kiran Rao,customer457@example.com,Udaipur,Rajasthan,India
458,Pooja Gupta,customer458@example.com,Ludhiana,Punjab,India
459,Sneha Reddy,customer459@example.com,New Delhi,Delhi,India
460,Rohit Patel,customer460@example.com,Madurai,Tamil Nadu,India
461,Vikram Patel,customer461@example.com,Kolkata,West Bengal,India
462,Neha Mishra,customer462@example.com,Cuttack,Odisha,India
463,Ananya Reddy,customer463@example.com,New Delhi,Delhi,India
464,Sanjay Sharma,customer464@example.com,Kanpur,Uttar Pradesh,India
465,Kiran Singh,customer465@example.com,Thiruvananthapuram,Kerala,India
466,Kavya Rao,customer466@example.com,Vijayawada,Andhra Pradesh,India
467,Aditya Patel,customer467@example.com,Lucknow,Uttar Pradesh,India
468,Praveen Kumar,customer468@example.com,Warangal,Telangana,India
469,Meera Gupta,customer469@example.com,Mangaluru,Karnataka,India
470,Kiran Mishra,customer470@example.com,Jaipur,Rajasthan,India
471,Kavya Nair,customer471@example.com,New Delhi,Delhi,India
472,Arjun Naidu,customer472@example.com,Thiruvananthapuram,Kerala,India
473,Ananya Nair,customer473@example.com,Udaipur,Rajasthan,India
474,Sanjay Kumar,customer474@example.com,New Delhi,Delhi,India
475,Vivaan Joshi,customer475@example.com,Lucknow,Uttar Pradesh,India
476,Kavya Gupta,customer476@example.com,New Delhi,Delhi,India
477,Rahul Iyer,customer477@example.com,Ludhiana,Punjab,India
478,Kavya Verma,customer478@example.com,Udaipur,Rajasthan,India
479,Rahul Das,customer479@example.com,Warangal,Telangana,India
480,Rahul Joshi,customer480@example.com,Bhopal,Madhya Pradesh,India
481,Rahul Mishra,customer481@example.com,Visakhapatnam,Andhra Pradesh,India
482,Vikram Mishra,customer482@example.com,Indore,Madhya Pradesh,India
483,Neha Das,customer483@example.com,Mysuru,Karnataka,India
484,Vikram Iyer,customer484@example.com,Kolkata,West Bengal,India
485,Aarav Verma,customer485@example.com,Udaipur,Rajasthan,India
486,Divya Gupta,customer486@example.com,Gurugram,Haryana,India
487,Divya Nair,customer487@example.com,Kolkata,West Bengal,India
488,Sneha Nair,customer488@example.com,Thiruvananthapuram,Kerala,India
489,Arjun Chowdhury,customer489@example.com,Ludhiana,Punjab,India
490,Rohit Singh,customer490@example.com,Amritsar,Punjab,India
491,Neha Chowdhury,customer491@example.com,Surat,Gujarat,India
492,Praveen Iyer,customer492@example.com,Thiruvananthapuram,Kerala,India
493,Rohit Chowdhury,customer493@example.com,Warangal,Telangana,India
494,Pooja Mishra,customer494@example.com,Durgapur,West Bengal,India
495,Rohit Reddy,customer495@example.com,Bhopal,Madhya Pradesh,India
496,Pooja Iyer,customer496@example.com,Vijayawada,Andhra Pradesh,India
497,Meera Gupta,customer497@example.com,Gaya,Bihar,India
498,Sneha Kumar,customer498@example.com,Indore,Madhya Pradesh,India
499,Neha Naidu,customer499@example.com,Surat,Gujarat,India
500,Sanjay Reddy,customer500@example.com,Gaya,Bihar,India
501,Kavya Naidu,customer501@example.com,Kochi,Kerala,India
502,Arjun Patel,customer502@example.com,Indore,Madhya Pradesh,India
503,Isha Patel,customer503@example.com,Ludhiana,Punjab,India
504,Meera Joshi,customer504@example.com,Mumbai,Maharashtra,India
505,Praveen Verma,customer505@example.com,Visakhapatnam,Andhra Pradesh,India
506,Isha Reddy,customer506@example.com,Cuttack,Odisha,India
507,Kavya Mishra,customer507@example.com,Faridabad,Haryana,India
508,Aditya Patel,customer508@example.com,Durgapur,West Bengal,India
509,Rohit Mishra,customer509@example.com,Amritsar,Punjab,India
510,Kiran Chowdhury,customer510@example.com,Gaya,Bihar,India
511,Neha Iyer,customer511@example.com,Kanpur,Uttar Pradesh,India
512,Vivaan Naidu,customer512@example.com,Hyderabad,Telangana,India
513,Arjun Sharma,customer513@example.com,Bengaluru,Karnataka,India
514,Sanjay Rao,customer514@example.com,Patna,Bihar,India
515,Ananya Patel,customer515@example.com,Indore,Madhya Pradesh,India
516,Kavya Naidu,customer516@example.com,Coimbatore,Tamil Nadu,India
517,Ananya Iyer,customer517@example.com,Bengaluru,Karnataka,India
518,Priya Gupta,customer518@example.com,Gurugram,Haryana,India
519,Kavya Singh,customer519@example.com,Ludhiana,Punjab,India
520,Kiran Kumar,customer520@example.com,New Delhi,Delhi,India
521,Rahul Kumar,customer521@example.com,Amritsar,Punjab,India
522,Kiran Chowdhury,customer522@example.com,Hyderabad,Telangana,India
523,Aditya Sharma,customer523@example.com,New Delhi,Delhi,India
524,Priya Reddy,customer524@example.com,Gaya,Bihar,India
525,Divya Iyer,customer525@example.com,Jodhpur,Rajasthan,India
526,Meera Mishra,customer526@example.com,Kozhikode,Kerala,India
527,Pooja Reddy,customer527@example.com,Madurai,Tamil Nadu,India
528,Aditya Mishra,customer528@example.com,Indore,Madhya Pradesh,India
529,Aditya Patel,customer529@example.com,Bhubaneswar,Odisha,India
530,Pooja Rao,customer530@example.com,Visakhapatnam,Andhra Pradesh,India
531,Priya Patel,customer531@example.com,Chennai,Tamil Nadu,India
532,Kiran Nair,customer532@example.com,Gurugram,Haryana,India
533,Vivaan Gupta,customer533@example.com,Udaipur,Rajasthan,India
534,Sneha Sharma,customer534@example.com,Jaipur,Rajasthan,India
535,Isha Naidu,customer535@example.com,Indore,Madhya Pradesh,India
536,Pooja Chowdhury,customer536@example.com,Gaya,Bihar,India
537,Ananya Mishra,customer537@example.com,New Delhi,Delhi,India
538,Aarav Joshi,customer538@example.com,Mumbai,Maharashtra,India
539,Vikram Iyer,customer539@example.com,Nagpur,Maharashtra,India
540,Sanjay Sharma,customer540@example.com,Gurugram,Haryana,India
541,Pooja Chowdhury,customer541@example.com,Indore,Madhya Pradesh,India
542,Anjali Sharma,customer542@example.com,Noida,Uttar Pradesh,India
543,Aarav Reddy,customer543@example.com,Vijayawada,Andhra Pradesh,India
544,Sanjay Mishra,customer544@example.com,Bhubaneswar,Odisha,India
545,Sneha Patel,customer545@example.com,Noida,Uttar Pradesh,India
546,Rohit Reddy,customer546@example.com,Nagpur,Maharashtra,India
547,Pooja Das,customer547@example.com,Nizamabad,Telangana,India
548,Vivaan Das,customer548@example.com,Ahmedabad,Gujarat,India
549,Vikram Iyer,customer549@example.com,Kolkata,West Bengal,India
550,Kiran Nair,customer550@example.com,Mumbai,Maharashtra,India
551,Rohit Chowdhury,customer551@example.com,Bhopal,Madhya Pradesh,India
552,Isha Joshi,customer552@example.com,Jodhpur,Rajasthan,India
553,Anjali Naidu,customer553@example.com,Patna,Bihar,India
554,Rohit Iyer,customer554@example.com,Coimbatore,Tamil Nadu,India
555,Aditya Chowdhury,customer555@example.com,New Delhi,Delhi,India
556,Praveen Naidu,customer556@example.com,Ludhiana,Punjab,India
557,Priya Rao,customer557@example.com,Gurugram,Haryana,India
558,Sneha Kumar,customer558@example.com,Kanpur,Uttar Pradesh,India
559,Pooja Patel,customer559@example.com,Durgapur,West Bengal,India
560,Neha Joshi,customer560@example.com,Warangal,Telangana,India
561,Isha Kumar,customer561@example.com,Mumbai,Maharashtra,India
562,Sanjay Iyer,customer562@example.com,Mysuru,Karnataka,India
563,Neha Kumar,customer563@example.com,Kolkata,West Bengal,India
564,Kavya Sharma,customer564@example.com,Ahmedabad,Gujarat,India
565,Anjali Singh,customer565@example.com,Coimbatore,Tamil Nadu,India
566,Anjali Joshi,customer566@example.com,Jodhpur,Rajasthan,India
567,Meera Kumar,customer567@example.com,Bhopal,Madhya Pradesh,India
568,Arjun Das,customer568@example.com,Thiruvananthapuram,Kerala,India
569,Arjun Reddy,customer569@example.com,Gaya,Bihar,India
570,Arjun Verma,customer570@example.com,Surat,Gujarat,India
571,Neha Kumar,customer571@example.com,Noida,Uttar Pradesh,India
572,Priya Kumar,customer572@example.com,Durgapur,West Bengal,India
573,Vikram Singh,customer573@example.com,Patna,Bihar,India
574,Aditya Das,customer574@example.com,Jodhpur,Rajasthan,India
575,Praveen Joshi,customer575@example.com,Cuttack,Odisha,India
576,Vivaan Rao,customer576@example.com,Kochi,Kerala,India
577,Kiran Mishra,customer577@example.com,New Delhi,Delhi,India
578,Kavya Naidu,customer578@example.com,Udaipur,Rajasthan,India
579,Anjali Reddy,customer579@example.com,Surat,Gujarat,India
580,Meera Iyer,customer580@example.com,New Delhi,Delhi,India
581,Vivaan Kumar,customer581@example.com,Kochi,Kerala,India
582,Aarav Gupta,customer582@example.com,Faridabad,Haryana,India
583,Arjun Mishra,customer583@example.com,Vadodara,Gujarat,India
584,Ananya Das,customer584@example.com,Mysuru,Karnataka,India
585,Pooja Das,customer585@example.com,Durgapur,West Bengal,India
586,Priya Naidu,customer586@example.com,New Delhi,Delhi,India
587,Aarav Singh,customer587@example.com,Madurai,Tamil Nadu,India
588,Priya Sharma,customer588@example.com,New Delhi,Delhi,India
589,Anjali Joshi,customer589@example.com,New Delhi,Delhi,India
590,Ananya Singh,customer590@example.com,Patna,Bihar,India
591,Priya Singh,customer591@example.com,Vijayawada,Andhra Pradesh,India
592,Priya Gupta,customer592@example.com,Gurugram,Haryana,India
593,Kavya Verma,customer593@example.com,Gurugram,Haryana,India
594,Anjali Reddy,customer594@example.com,Cuttack,Odisha,India
595,Sanjay Chowdhury,customer595@example.com,Thiruvananthapuram,Kerala,India
596,Aarav Rao,customer596@example.com,Mysuru,Karnataka,India
597,Rahul Singh,customer597@example.com,Amritsar,Punjab,India
598,Aarav Sharma,customer598@example.com,Mysuru,Karnataka,India
599,Priya Das,customer599@example.com,Chennai,Tamil Nadu,India
600,Isha Gupta,customer600@example.com,Amritsar,Punjab,India
601,Vivaan Nair,customer601@example.com,Hyderabad,Telangana,India
602,Rohit Chowdhury,customer602@example.com,Udaipur,Rajasthan,India
603,Ananya Reddy,customer603@example.com,Surat,Gujarat,India
604,Anjali Rao,customer604@example.com,Indore,Madhya Pradesh,India
605,Sneha Patel,customer605@example.com,Indore,Madhya Pradesh,India
606,Praveen Joshi,customer606@example.com,Surat,Gujarat,India
607,Aarav Rao,customer607@example.com,Jaipur,Rajasthan,India
608,Kiran Singh,customer608@example.com,Gaya,Bihar,India
609,Kavya Reddy,customer609@example.com,Guntur,Andhra Pradesh,India
610,Ananya Das,customer610@example.com,Cuttack,Odisha,India
611,Isha Sharma,customer611@example.com,Kanpur,Uttar Pradesh,India
612,Vikram Sharma,customer612@example.com,Gurugram,Haryana,India
613,Vikram Nair,customer613@example.com,Cuttack,Odisha,India
614,Aarav Sharma,customer614@example.com,Mangaluru,Karnataka,India
615,Divya Naidu,customer615@example.com,Kochi,Kerala,India
616,Sanjay Das,customer616@example.com,Cuttack,Odisha,India
617,Vivaan Reddy,customer617@example.com,Indore,Madhya Pradesh,India
618,Sanjay Sharma,customer618@example.com,New Delhi,Delhi,India
619,Divya Mishra,customer619@example.com,New Delhi,Delhi,India
620,Sneha Chowdhury,customer620@example.com,New Delhi,Delhi,India
621,Ananya Patel,customer621@example.com,Hyderabad,Telangana,India
622,Kiran Naidu,customer622@example.com,Coimbatore,Tamil Nadu,India
623,Neha Verma,customer623@example.com,Warangal,Telangana,India
624,Sneha Nair,customer624@example.com,Vadodara,Gujarat,India
625,Sneha Iyer,customer625@example.com,Tirupati,Andhra Pradesh,India
626,Rohit Nair,customer626@example.com,Kozhikode,Kerala,India
627,Aarav Joshi,customer627@example.com,Kanpur,Uttar Pradesh,India
628,Kavya Singh,customer628@example.com,Bengaluru,Karnataka,India
629,Aarav Sharma,customer629@example.com,Bhopal,Madhya Pradesh,India
630,Aditya Joshi,customer630@example.com,Pune,Maharashtra,India
631,Ananya Kumar,customer631@example.com,Jodhpur,Rajasthan,India
632,Pooja Das,customer632@example.com,Warangal,Telangana,India
633,Sanjay Kumar,customer633@example.com,Thiruvananthapuram,Kerala,India
634,Vikram Reddy,customer634@example.com,Mumbai,Maharashtra,India
635,Priya Singh,customer635@example.com,Hyderabad,Telangana,India
636,Kavya Joshi,customer636@example.com,Madurai,Tamil Nadu,India
637,Ananya Rao,customer637@example.com,Pune,Maharashtra,India
638,Isha Joshi,customer638@example.com,Amritsar,Punjab,India
639,Sneha Singh,customer639@example.com,Vadodara,Gujarat,India
640,Divya Chowdhury,customer640@example.com,Kozhikode,Kerala,India
641,Arjun Iyer,customer641@example.com,Mangaluru,Karnataka,India
642,Arjun Singh,customer642@example.com,Durgapur,West Bengal,India
643,Neha Reddy,customer643@example.com,Bhubaneswar,Odisha,India
644,Arjun Singh,customer644@example.com,Coimbatore,Tamil Nadu,India
645,Kavya Joshi,customer645@example.com,Mysuru,Karnataka,India
646,Arjun Naidu,customer646@example.com,Warangal,Telangana,India
647,Meera Mishra,customer647@example.com,Coimbatore,Tamil Nadu,India
648,Ananya Rao,customer648@example.com,Gaya,Bihar,India
649,Praveen Rao,customer649@example.com,Kolkata,West Bengal,India
650,Rohit Chowdhury,customer650@example.com,Jaipur,Rajasthan,India
651,Praveen Mishra,customer651@example.com,Noida,Uttar Pradesh,India
652,Rohit Verma,customer652@example.com,Tirupati,Andhra Pradesh,India
653,Sneha Das,customer653@example.com,Patna,Bihar,India
654,Sneha Rao,customer654@example.com,Pune,Maharashtra,India
655,Sanjay Das,customer655@example.com,New Delhi,Delhi,India
656,Kavya Das,customer656@example.com,Jodhpur,Rajasthan,India
657,Praveen Gupta,customer657@example.com,Jaipur,Rajasthan,India
658,Rahul Patel,customer658@example.com,Nizamabad,Telangana,India
659,Arjun Joshi,customer659@example.com,Surat,Gujarat,India
660,Isha Kumar,customer660@example.com,Coimbatore,Tamil Nadu,India
661,Aarav Rao,customer661@example.com,Hyderabad,Telangana,India
662,Kavya Sharma,customer662@example.com,Mysuru,Karnataka,India
663,Aarav Rao,customer663@example.com,Kochi,Kerala,India
664,Divya Singh,customer664@example.com,Patna,Bihar,India
665,Rohit Iyer,customer665@example.com,Lucknow,Uttar Pradesh,India
666,Pooja Mishra,customer666@example.com,Kolkata,West Bengal,India
667,Vivaan Kumar,customer667@example.com,Ahmedabad,Gujarat,India
668,Isha Kumar,customer668@example.com,Noida,Uttar Pradesh,India
669,Rohit Nair,customer669@example.com,Guntur,Andhra Pradesh,India
670,Rohit Gupta,customer670@example.com,Faridabad,Haryana,India
671,Neha Patel,customer671@example.com,Noida,Uttar Pradesh,India
672,Praveen Rao,customer672@example.com,Durgapur,West Bengal,India
673,Arjun Gupta,customer673@example.com,Kochi,Kerala,India
674,Arjun Kumar,customer674@example.com,New Delhi,Delhi,India
675,Vikram Sharma,customer675@example.com,Ludhiana,Punjab,India
676,Sanjay Rao,customer676@example.com,Chennai,Tamil Nadu,India
677,Meera Joshi,customer677@example.com,Hyderabad,Telangana,India
678,Priya Iyer,customer678@example.com,Bhopal,Madhya Pradesh,India
679,Vikram Verma,customer679@example.com,Jodhpur,Rajasthan,India
680,Aditya Verma,customer680@example.com,Gurugram,Haryana,India
681,Aditya Verma,customer681@example.com,Pune,Maharashtra,India
682,Priya Reddy,customer682@example.com,Mumbai,Maharashtra,India
683,Aditya Reddy,customer683@example.com,Surat,Gujarat,India
684,Anjali Gupta,customer684@example.com,Pune,Maharashtra,India
685,Arjun Singh,customer685@example.com,Kolkata,West Bengal,India
686,Kavya Nair,customer686@example.com,Surat,Gujarat,India
687,Divya Joshi,customer687@example.com,Tirupati,Andhra Pradesh,India
688,Priya Gupta,customer688@example.com,Madurai,Tamil Nadu,India
689,Divya Naidu,customer689@example.com,Kolkata,West Bengal,India
690,Neha Gupta,customer690@example.com,Mumbai,Maharashtra,India
691,Anjali Gupta,customer691@example.com,Jaipur,Rajasthan,India
692,Anjali Verma,customer692@example.com,Pune,Maharashtra,India
693,Vikram Rao,customer693@example.com,Bhopal,Madhya Pradesh,India
694,Divya Joshi,customer694@example.com,Pune,Maharashtra,India
695,Pooja Patel,customer695@example.com,Guntur,Andhra Pradesh,India
696,Isha Mishra,customer696@example.com,Hyderabad,Telangana,India
697,Vivaan Iyer,customer697@example.com,New Delhi,Delhi,India
698,Sanjay Sharma,customer698@example.com,Amritsar,Punjab,India
699,Anjali Naidu,customer699@example.com,Surat,Gujarat,India
700,Arjun Reddy,customer700@example.com,Surat,Gujarat,India
701,Aditya Verma,customer701@example.com,Amritsar,Punjab,India
702,Rahul Patel,customer702@example.com,Kanpur,Uttar Pradesh,India
703,Meera Das,customer703@example.com,Pune,Maharashtra,India
704,Sneha Kumar,customer704@example.com,Cuttack,Odisha,India
705,Praveen Naidu,customer705@example.com,Cuttack,Odisha,India
706,Aditya Rao,customer706@example.com,Coimbatore,Tamil Nadu,India
707,Sanjay Chowdhury,customer707@example.com,Kozhikode,Kerala,India
708,Vivaan Iyer,customer708@example.com,Nizamabad,Telangana,India
709,Isha Naidu,customer709@example.com,Coimbatore,Tamil Nadu,India
710,Praveen Nair,customer710@example.com,Hyderabad,Telangana,India
711,Aarav Patel,customer711@example.com,Gaya,Bihar,India
712,Aarav Naidu,customer712@example.com,Indore,Madhya Pradesh,India
713,Pooja Mishra,customer713@example.com,Madurai,Tamil Nadu,India
714,Aditya Nair,customer714@example.com,Mumbai,Maharashtra,India
715,Sneha Singh,customer715@example.com,Hyderabad,Telangana,India
716,Vivaan Patel,customer716@example.com,New Delhi,Delhi,India
717,Kavya Patel,customer717@example.com,Durgapur,West Bengal,India
718,Priya Joshi,customer718@example.com,Kolkata,West Bengal,India
719,Pooja Patel,customer719@example.com,Hyderabad,Telangana,India
720,Kiran Mishra,customer720@example.com,Ludhiana,Punjab,India
721,Vivaan Joshi,customer721@example.com,Vadodara,Gujarat,India
722,Neha Singh,customer722@example.com,Mysuru,Karnataka,India
723,Praveen Nair,customer723@example.com,Warangal,Telangana,India
724,Ananya Reddy,customer724@example.com,Kolkata,West Bengal,India
725,Kavya Nair,customer725@example.com,Vadodara,Gujarat,India
726,Sanjay Kumar,customer726@example.com,Kochi,Kerala,India
727,Pooja Kumar,customer727@example.com,Ahmedabad,Gujarat,India
728,Arjun Patel,customer728@example.com,Ahmedabad,Gujarat,India
729,Rahul Rao,customer729@example.com,Faridabad,Haryana,India
730,Anjali Patel,customer730@example.com,Faridabad,Haryana,India
731,Rohit Reddy,customer731@example.com,Patna,Bihar,India
732,Anjali Chowdhury,customer732@example.com,Cuttack,Odisha,India
733,Aditya Rao,customer733@example.com,Ludhiana,Punjab,India
734,Pooja Rao,customer734@example.com,Kochi,Kerala,India
735,Rahul Naidu,customer735@example.com,Surat,Gujarat,India
736,Kiran Chowdhury,customer736@example.com,Thiruvananthapuram,Kerala,India
737,Rohit Singh,customer737@example.com,Vijayawada,Andhra Pradesh,India
738,Isha Mishra,customer738@example.com,Kochi,Kerala,India
739,Isha Singh,customer739@example.com,Durgapur,West Bengal,India
740,Arjun Sharma,customer740@example.com,Bengaluru,Karnataka,India
741,Ananya Chowdhury,customer741@example.com,Kozhikode,Kerala,India
742,Arjun Reddy,customer742@example.com,Coimbatore,Tamil Nadu,India
743,Vikram Kumar,customer743@example.com,New Delhi,Delhi,India
744,Anjali Mishra,customer744@example.com,Pune,Maharashtra,India
745,Praveen Mishra,customer745@example.com,Vijayawada,Andhra Pradesh,India
746,Meera Gupta,customer746@example.com,New Delhi,Delhi,India
747,Sanjay Sharma,customer747@example.com,Hyderabad,Telangana,India
748,Aarav Das,customer748@example.com,Warangal,Telangana,India
749,Vikram Singh,customer749@example.com,Gurugram,Haryana,India
750,Vivaan Gupta,customer750@example.com,Ludhiana,Punjab,India
751,Vikram Sharma,customer751@example.com,Patna,Bihar,India
752,Sneha Kumar,customer752@example.com,Kochi,Kerala,India
753,Rahul Gupta,customer753@example.com,Durgapur,West Bengal,India
754,Ananya Sharma,customer754@example.com,Kolkata,West Bengal,India
755,Aditya Gupta,customer755@example.com,Vijayawada,Andhra Pradesh,India
756,Anjali Singh,customer756@example.com,Jodhpur,Rajasthan,India
757,Pooja Patel,customer757@example.com,Ludhiana,Punjab,India
758,Kavya Kumar,customer758@example.com,Vadodara,Gujarat,India
759,Neha Iyer,customer759@example.com,Lucknow,Uttar Pradesh,India
760,Rahul Naidu,customer760@example.com,Pune,Maharashtra,India
761,Kiran Chowdhury,customer761@example.com,Indore,Madhya Pradesh,India
762,Meera Chowdhury,customer762@example.com,Jaipur,Rajasthan,India
763,Sanjay Reddy,customer763@example.com,Gaya,Bihar,India
764,Aditya Sharma,customer764@example.com,Coimbatore,Tamil Nadu,India
765,Arjun Naidu,customer765@example.com,New Delhi,Delhi,India
766,Sanjay Nair,customer766@example.com,Kanpur,Uttar Pradesh,India
767,Isha Das,customer767@example.com,Kozhikode,Kerala,India
768,Vikram Reddy,customer768@example.com,Mumbai,Maharashtra,India
769,Divya Joshi,customer769@example.com,Nizamabad,Telangana,India
770,Praveen Chowdhury,customer770@example.com,Tirupati,Andhra Pradesh,India
771,Isha Rao,customer771@example.com,New Delhi,Delhi,India
772,Vikram Iyer,customer772@example.com,Cuttack,Odisha,India
773,Isha Verma,customer773@example.com,Coimbatore,Tamil Nadu,India
774,Anjali Singh,customer774@example.com,Faridabad,Haryana,India
775,Neha Naidu,customer775@example.com,Tirupati,Andhra Pradesh,India
776,Aditya Das,customer776@example.com,Indore,Madhya Pradesh,India
777,Rohit Sharma,customer777@example.com,Gurugram,Haryana,India
778,Kavya Reddy,customer778@example.com,Kochi,Kerala,India
779,Vikram Naidu,customer779@example.com,Jodhpur,Rajasthan,India
780,Rohit Rao,customer780@example.com,Faridabad,Haryana,India
781,Ananya Verma,customer781@example.com,Nagpur,Maharashtra,India
782,Sneha Reddy,customer782@example.com,Hyderabad,Telangana,India
783,Kavya Patel,customer783@example.com,Ludhiana,Punjab,India
784,Kavya Kumar,customer784@example.com,Ahmedabad,Gujarat,India
785,Ananya Singh,customer785@example.com,Kolkata,West Bengal,India
786,Aditya Chowdhury,customer786@example.com,Nagpur,Maharashtra,India
787,Rohit Joshi,customer787@example.com,Patna,Bihar,India
788,Rahul Chowdhury,customer788@example.com,Jodhpur,Rajasthan,India
789,Divya Gupta,customer789@example.com,Tirupati,Andhra Pradesh,India
790,Rahul Kumar,customer790@example.com,Tirupati,Andhra Pradesh,India
791,Vikram Kumar,customer791@example.com,Indore,Madhya Pradesh,India
792,Praveen Reddy,customer792@example.com,Amritsar,Punjab,India
793,Praveen Singh,customer793@example.com,Indore,Madhya Pradesh,India
794,Rohit Iyer,customer794@example.com,Ludhiana,Punjab,India
795,Sanjay Mishra,customer795@example.com,New Delhi,Delhi,India
796,Anjali Patel,customer796@example.com,Pune,Maharashtra,India
797,Priya Sharma,customer797@example.com,Cuttack,Odisha,India
798,Vivaan Singh,customer798@example.com,New Delhi,Delhi,India
799,Anjali Iyer,customer799@example.com,Bhopal,Madhya Pradesh,India
800,Kiran Gupta,customer800@example.com,Bengaluru,Karnataka,India
801,Arjun Chowdhury,customer801@example.com,Durgapur,West Bengal,India
802,Anjali Das,customer802@example.com,Jodhpur,Rajasthan,India
803,Aditya Das,customer803@example.com,Thiruvananthapuram,Kerala,India
804,Vikram Rao,customer804@example.com,Thiruvananthapuram,Kerala,India
805,Kiran Naidu,customer805@example.com,Chennai,Tamil Nadu,India
806,Sneha Patel,customer806@example.com,Guntur,Andhra Pradesh,India
807,Rohit Patel,customer807@example.com,Durgapur,West Bengal,India
808,Aditya Gupta,customer808@example.com,Thiruvananthapuram,Kerala,India
809,Anjali Patel,customer809@example.com,Jodhpur,Rajasthan,India
810,Vivaan Naidu,customer810@example.com,Nizamabad,Telangana,India
811,Neha Sharma,customer811@example.com,Gaya,Bihar,India
812,Neha Verma,customer812@example.com,Jaipur,Rajasthan,India
813,Priya Naidu,customer813@example.com,Noida,Uttar Pradesh,India
814,Arjun Kumar,customer814@example.com,Bhopal,Madhya Pradesh,India
815,Arjun Naidu,customer815@example.com,Ahmedabad,Gujarat,India
816,Aarav Reddy,customer816@example.com,Gaya,Bihar,India
817,Meera Iyer,customer817@example.com,Gurugram,Haryana,India
818,Kavya Iyer,customer818@example.com,New Delhi,Delhi,India
819,Sneha Sharma,customer819@example.com,Visakhapatnam,Andhra Pradesh,India
820,Arjun Patel,customer820@example.com,Bhopal,Madhya Pradesh,India
821,Kavya Verma,customer821@example.com,Gaya,Bihar,India
822,Ananya Rao,customer822@example.com,New Delhi,Delhi,India
823,Divya Singh,customer823@example.com,New Delhi,Delhi,India
824,Anjali Mishra,customer824@example.com,Noida,Uttar Pradesh,India
825,Aditya Mishra,customer825@example.com,Amritsar,Punjab,India
826,Sneha Verma,customer826@example.com,Guntur,Andhra Pradesh,India
827,Sneha Kumar,customer827@example.com,Kozhikode,Kerala,India
828,Praveen Kumar,customer828@example.com,Cuttack,Odisha,India
829,Neha Singh,customer829@example.com,Durgapur,West Bengal,India
830,Rahul Patel,customer830@example.com,Vijayawada,Andhra Pradesh,India
831,Praveen Singh,customer831@example.com,Coimbatore,Tamil Nadu,India
832,Arjun Naidu,customer832@example.com,Vadodara,Gujarat,India
833,Isha Kumar,customer833@example.com,Tirupati,Andhra Pradesh,India
834,Arjun Verma,customer834@example.com,New Delhi,Delhi,India
835,Pooja Joshi,customer835@example.com,Faridabad,Haryana,India
836,Anjali Gupta,customer836@example.com,New Delhi,Delhi,India
837,Arjun Singh,customer837@example.com,Cuttack,Odisha,India
838,Priya Das,customer838@example.com,Cuttack,Odisha,India
839,Rohit Kumar,customer839@example.com,Surat,Gujarat,India
840,Praveen Verma,customer840@example.com,Gaya,Bihar,India
841,Sneha Verma,customer841@example.com,Gurugram,Haryana,India
842,Sneha Patel,customer842@example.com,Udaipur,Rajasthan,India
843,Anjali Reddy,customer843@example.com,Kanpur,Uttar Pradesh,India
844,Arjun Reddy,customer844@example.com,Guntur,Andhra Pradesh,India
845,Rohit Verma,customer845@example.com,Patna,Bihar,India
846,Isha Gupta,customer846@example.com,Ludhiana,Punjab,India
847,Kavya Rao,customer847@example.com,Thiruvananthapuram,Kerala,India
848,Priya Gupta,customer848@example.com,Indore,Madhya Pradesh,India
849,Rahul Das,customer849@example.com,Thiruvananthapuram,Kerala,India
850,Rahul Kumar,customer850@example.com,Surat,Gujarat,India
851,Rahul Gupta,customer851@example.com,Guntur,Andhra Pradesh,India
852,Neha Nair,customer852@example.com,Kochi,Kerala,India
853,Sanjay Sharma,customer853@example.com,Hyderabad,Telangana,India
854,Arjun Chowdhury,customer854@example.com,Lucknow,Uttar Pradesh,India
855,Rohit Verma,customer855@example.com,Ahmedabad,Gujarat,India
856,Meera Gupta,customer856@example.com,Kolkata,West Bengal,India
857,Vivaan Joshi,customer857@example.com,Kanpur,Uttar Pradesh,India
858,Sanjay Rao,customer858@example.com,Mumbai,Maharashtra,India
859,Meera Reddy,customer859@example.com,Pune,Maharashtra,India
860,Kiran Reddy,customer860@example.com,Visakhapatnam,Andhra Pradesh,India
861,Rahul Reddy,customer861@example.com,Mumbai,Maharashtra,India
862,Vivaan Das,customer862@example.com,Nizamabad,Telangana,India
863,Rohit Verma,customer863@example.com,Faridabad,Haryana,India
864,Kavya Gupta,customer864@example.com,Nagpur,Maharashtra,India
865,Praveen Kumar,customer865@example.com,Bhopal,Madhya Pradesh,India
866,Meera Rao,customer866@example.com,Thiruvananthapuram,Kerala,India
867,Arjun Naidu,customer867@example.com,Coimbatore,Tamil Nadu,India
868,Kavya Gupta,customer868@example.com,Jaipur,Rajasthan,India
869,Kavya Verma,customer869@example.com,Coimbatore,Tamil Nadu,India
870,Sanjay Gupta,customer870@example.com,Noida,Uttar Pradesh,India
871,Meera Chowdhury,customer871@example.com,Hyderabad,Telangana,India
872,Aditya Gupta,customer872@example.com,Gurugram,Haryana,India
873,Praveen Patel,customer873@example.com,Mysuru,Karnataka,India
874,Rohit Patel,customer874@example.com,Ahmedabad,Gujarat,India
875,Isha Iyer,customer875@example.com,Bengaluru,Karnataka,India
876,Neha Iyer,customer876@example.com,Jodhpur,Rajasthan,India
877,Vikram Gupta,customer877@example.com,Faridabad,Haryana,India
878,Sanjay Patel,customer878@example.com,Kochi,Kerala,India
879,Vikram Rao,customer879@example.com,New Delhi,Delhi,India
880,Kavya Chowdhury,customer880@example.com,Indore,Madhya Pradesh,India
881,Vikram Reddy,customer881@example.com,Noida,Uttar Pradesh,India
882,Priya Reddy,customer882@example.com,Vadodara,Gujarat,India
883,Sneha Kumar,customer883@example.com,Ludhiana,Punjab,India
884,Ananya Gupta,customer884@example.com,Mumbai,Maharashtra,India
885,Aarav Rao,customer885@example.com,Indore,Madhya Pradesh,India
886,Rahul Joshi,customer886@example.com,Bhopal,Madhya Pradesh,India
887,Rahul Patel,customer887@example.com,Cuttack,Odisha,India
888,Pooja Verma,customer888@example.com,Bengaluru,Karnataka,India
889,Priya Iyer,customer889@example.com,Bhubaneswar,Odisha,India
890,Divya Sharma,customer890@example.com,Patna,Bihar,India
891,Sneha Reddy,customer891@example.com,Coimbatore,Tamil Nadu,India
892,Rahul Nair,customer892@example.com,Bengaluru,Karnataka,India
893,Arjun Nair,customer893@example.com,Coimbatore,Tamil Nadu,India
894,Rahul Kumar,customer894@example.com,Durgapur,West Bengal,India
895,Sanjay Patel,customer895@example.com,Pune,Maharashtra,India
896,Kiran Kumar,customer896@example.com,Faridabad,Haryana,India
897,Ananya Reddy,customer897@example.com,Gaya,Bihar,India
898,Priya Nair,customer898@example.com,Thiruvananthapuram,Kerala,India
899,Aditya Joshi,customer899@example.com,Faridabad,Haryana,India
900,Divya Singh,customer900@example.com,Faridabad,Haryana,India
901,Aarav Singh,customer901@example.com,Mysuru,Karnataka,India
902,Sanjay Kumar,customer902@example.com,Gaya,Bihar,India
903,Ananya Nair,customer903@example.com,Surat,Gujarat,India
904,Meera Singh,customer904@example.com,Gurugram,Haryana,India
905,Kavya Iyer,customer905@example.com,Bengaluru,Karnataka,India
906,Anjali Mishra,customer906@example.com,Indore,Madhya Pradesh,India
907,Vivaan Kumar,customer907@example.com,Udaipur,Rajasthan,India
908,Rohit Verma,customer908@example.com,New Delhi,Delhi,India
909,Anjali Joshi,customer909@example.com,Tirupati,Andhra Pradesh,India
910,Aditya Patel,customer910@example.com,Lucknow,Uttar Pradesh,India
911,Kavya Verma,customer911@example.com,Patna,Bihar,India
912,Aditya Nair,customer912@example.com,Kochi,Kerala,India
913,Pooja Patel,customer913@example.com,Cuttack,Odisha,India
914,Priya Sharma,customer914@example.com,Ahmedabad,Gujarat,India
915,Aditya Joshi,customer915@example.com,Kolkata,West Bengal,India
916,Isha Kumar,customer916@example.com,Visakhapatnam,Andhra Pradesh,India
917,Vivaan Gupta,customer917@example.com,Cuttack,Odisha,India
918,Pooja Patel,customer918@example.com,Thiruvananthapuram,Kerala,India
919,Aditya Kumar,customer919@example.com,Bhubaneswar,Odisha,India
920,Pooja Iyer,customer920@example.com,Chennai,Tamil Nadu,India
921,Vikram Gupta,customer921@example.com,Cuttack,Odisha,India
922,Kiran Rao,customer922@example.com,Mumbai,Maharashtra,India
923,Neha Naidu,customer923@example.com,Mangaluru,Karnataka,India
924,Praveen Kumar,customer924@example.com,New Delhi,Delhi,India
925,Anjali Mishra,customer925@example.com,Surat,Gujarat,India
926,Sanjay Iyer,customer926@example.com,Gurugram,Haryana,India
927,Neha Chowdhury,customer927@example.com,Coimbatore,Tamil Nadu,India
928,Kiran Singh,customer928@example.com,Durgapur,West Bengal,India
929,Vikram Sharma,customer929@example.com,Bhubaneswar,Odisha,India
930,Aarav Gupta,customer930@example.com,Chennai,Tamil Nadu,India
931,Pooja Iyer,customer931@example.com,Kozhikode,Kerala,India
932,Sanjay Iyer,customer932@example.com,Cuttack,Odisha,India
933,Sanjay Patel,customer933@example.com,Ludhiana,Punjab,India
934,Vikram Reddy,customer934@example.com,New Delhi,Delhi,India
935,Pooja Verma,customer935@example.com,New Delhi,Delhi,India
936,Divya Mishra,customer936@example.com,Bhubaneswar,Odisha,India
937,Divya Naidu,customer937@example.com,Gurugram,Haryana,India
938,Ananya Naidu,customer938@example.com,Hyderabad,Telangana,India
939,Rahul Patel,customer939@example.com,Kozhikode,Kerala,India
940,Priya Sharma,customer940@example.com,Kochi,Kerala,India
941,Sanjay Mishra,customer941@example.com,New Delhi,Delhi,India
942,Arjun Kumar,customer942@example.com,Visakhapatnam,Andhra Pradesh,India
943,Aarav Gupta,customer943@example.com,Kolkata,West Bengal,India
944,Kavya Gupta,customer944@example.com,Faridabad,Haryana,India
945,Priya Naidu,customer945@example.com,Patna,Bihar,India
946,Sanjay Kumar,customer946@example.com,Lucknow,Uttar Pradesh,India
947,Vikram Singh,customer947@example.com,Mysuru,Karnataka,India
948,Anjali Nair,customer948@example.com,Kolkata,West Bengal,India
949,Arjun Rao,customer949@example.com,Surat,Gujarat,India
950,Priya Mishra,customer950@example.com,Mysuru,Karnataka,India
951,Priya Reddy,customer951@example.com,Jodhpur,Rajasthan,India
952,Sanjay Sharma,customer952@example.com,Udaipur,Rajasthan,India
953,Kiran Verma,customer953@example.com,Mumbai,Maharashtra,India
954,Isha Sharma,customer954@example.com,Durgapur,West Bengal,India
955,Kiran Das,customer955@example.com,Ludhiana,Punjab,India
956,Neha Joshi,customer956@example.com,Lucknow,Uttar Pradesh,India
957,Sneha Sharma,customer957@example.com,Mysuru,Karnataka,India
958,Aditya Mishra,customer958@example.com,Chennai,Tamil Nadu,India
959,Sneha Mishra,customer959@example.com,Mumbai,Maharashtra,India
960,Pooja Sharma,customer960@example.com,Cuttack,Odisha,India
961,Ananya Patel,customer961@example.com,Gurugram,Haryana,India
962,Rohit Singh,customer962@example.com,Kochi,Kerala,India
963,Praveen Iyer,customer963@example.com,Pune,Maharashtra,India
964,Sanjay Nair,customer964@example.com,Jaipur,Rajasthan,India
965,Meera Nair,customer965@example.com,Tirupati,Andhra Pradesh,India
966,Neha Iyer,customer966@example.com,Vadodara,Gujarat,India
967,Sanjay Rao,customer967@example.com,Durgapur,West Bengal,India
968,Ananya Naidu,customer968@example.com,Mangaluru,Karnataka,India
969,Sneha Chowdhury,customer969@example.com,Bhubaneswar,Odisha,India
970,Aarav Gupta,customer970@example.com,Gurugram,Haryana,India
971,Priya Gupta,customer971@example.com,Jaipur,Rajasthan,India
972,Sneha Joshi,customer972@example.com,Durgapur,West Bengal,India
973,Aarav Mishra,customer973@example.com,Kanpur,Uttar Pradesh,India
974,Rahul Gupta,customer974@example.com,New Delhi,Delhi,India
975,Pooja Rao,customer975@example.com,Bhubaneswar,Odisha,India
976,Kavya Rao,customer976@example.com,Guntur,Andhra Pradesh,India
977,Anjali Reddy,customer977@example.com,Warangal,Telangana,India
978,Arjun Naidu,customer978@example.com,Guntur,Andhra Pradesh,India
979,Arjun Reddy,customer979@example.com,Kozhikode,Kerala,India
980,Kavya Joshi,customer980@example.com,Jaipur,Rajasthan,India
981,Aarav Joshi,customer981@example.com,Kanpur,Uttar Pradesh,India
982,Kavya Nair,customer982@example.com,Surat,Gujarat,India
983,Sanjay Das,customer983@example.com,Nizamabad,Telangana,India
984,Ananya Mishra,customer984@example.com,Noida,Uttar Pradesh,India
985,Isha Kumar,customer985@example.com,Mumbai,Maharashtra,India
986,Rohit Joshi,customer986@example.com,Mysuru,Karnataka,India
987,Vivaan Mishra,customer987@example.com,Nagpur,Maharashtra,India
988,Divya Naidu,customer988@example.com,Jodhpur,Rajasthan,India
989,Meera Nair,customer989@example.com,Cuttack,Odisha,India
990,Aditya Iyer,customer990@example.com,Guntur,Andhra Pradesh,India
991,Sneha Chowdhury,customer991@example.com,Lucknow,Uttar Pradesh,India
992,Meera Chowdhury,customer992@example.com,Patna,Bihar,India
993,Kiran Joshi,customer993@example.com,Thiruvananthapuram,Kerala,India
994,Ananya Reddy,customer994@example.com,Madurai,Tamil Nadu,India
995,Sneha Rao,customer995@example.com,New Delhi,Delhi,India
996,Kiran Das,customer996@example.com,Cuttack,Odisha,India
997,Priya Reddy,customer997@example.com,Bhopal,Madhya Pradesh,India
998,Aditya Joshi,customer998@example.com,Gurugram,Haryana,India
999,Sanjay Chowdhury,customer999@example.com,Vadodara,Gujarat,India
1000,Divya Das,customer1000@example.com,Amritsar,Punjab,India
